Name,Date,Season 1,Transect 2,Goat Island,Aux4,Aux5,Row,Column,Label
G0027388.JPG,,,,,,,566,450,Styloc
G0027388.JPG,,,,,,,574,517,Styloc
G0027388.JPG,,,,,,,479,8,Styloc
G0027388.JPG,,,,,,,480,239,Styloc
G0027388.JPG,,,,,,,157,421,Styloc
G0027388.JPG,,,,,,,535,792,Styloc
G0027388.JPG,,,,,,,304,389,Styloc
G0027388.JPG,,,,,,,361,42,Styloc
G0027388.JPG,,,,,,,203,845,Styloc
G0027388.JPG,,,,,,,494,858,Styloc
G0027388.JPG,,,,,,,15,2695,Sediment
G0027388.JPG,,,,,,,399,3224,SED-C
G0027388.JPG,,,,,,,118,3895,Sediment
G0027388.JPG,,,,,,,1053,736,SED-C
G0027388.JPG,,,,,,,1122,584,SED-C
G0027388.JPG,,,,,,,968,1192,Sediment
G0027388.JPG,,,,,,,1103,1201,Sediment
G0027388.JPG,,,,,,,1134,965,SED-C
G0027388.JPG,,,,,,,1125,1541,Sediment
G0027388.JPG,,,,,,,1005,2374,Sediment
G0027388.JPG,,,,,,,659,1702,Sediment
G0027388.JPG,,,,,,,1050,3139,Sediment
G0027388.JPG,,,,,,,785,2446,Sediment
G0027388.JPG,,,,,,,1147,2672,Sediment
G0027388.JPG,,,,,,,1101,2794,Sediment
G0027388.JPG,,,,,,,885,3115,Sediment
G0027388.JPG,,,,,,,715,3490,Sediment
G0027388.JPG,,,,,,,976,3655,Sediment
G0027388.JPG,,,,,,,1010,3740,Sediment
G0027388.JPG,,,,,,,1174,3768,Sediment
G0027388.JPG,,,,,,,828,3309,Sediment
G0027388.JPG,,,,,,,939,3470,Sediment
G0027388.JPG,,,,,,,896,3671,Sediment
G0027388.JPG,,,,,,,1682,347,ACR
G0027388.JPG,,,,,,,1202,415,Sediment
G0027388.JPG,,,,,,,1233,71,Sediment
G0027388.JPG,,,,,,,1655,1207,ACR
G0027388.JPG,,,,,,,1690,1435,ACR
G0027388.JPG,,,,,,,1346,2169,Sediment
G0027388.JPG,,,,,,,1791,1756,ACR
G0027388.JPG,,,,,,,1380,1944,ACR
G0027388.JPG,,,,,,,1718,2037,ACR
G0027388.JPG,,,,,,,1658,1713,ACR
G0027388.JPG,,,,,,,1675,1945,ACR
G0027388.JPG,,,,,,,1744,1935,ACR
G0027388.JPG,,,,,,,1709,1979,ACR
G0027388.JPG,,,,,,,1479,2393,Sediment
G0027388.JPG,,,,,,,1369,2723,Sediment
G0027388.JPG,,,,,,,1727,2428,Sediment
G0027388.JPG,,,,,,,1612,3196,Sediment
G0027388.JPG,,,,,,,1346,2947,Sediment
G0027388.JPG,,,,,,,1307,3118,Sediment
G0027388.JPG,,,,,,,1464,2601,Sediment
G0027388.JPG,,,,,,,1564,2494,Sediment
G0027388.JPG,,,,,,,1750,3465,Sediment
G0027388.JPG,,,,,,,1688,3891,Sediment
G0027388.JPG,,,,,,,1810,578,ACR
G0027388.JPG,,,,,,,2065,350,ACR
G0027388.JPG,,,,,,,1927,749,ACR
G0027388.JPG,,,,,,,2319,395,ACR
G0027388.JPG,,,,,,,1808,143,ACR
G0027388.JPG,,,,,,,1901,1277,ACR
G0027388.JPG,,,,,,,2232,1382,ACR
G0027388.JPG,,,,,,,1813,1495,ACR
G0027388.JPG,,,,,,,2395,1192,ACR
G0027388.JPG,,,,,,,1913,1243,ACR
G0027388.JPG,,,,,,,2030,921,ACR
G0027388.JPG,,,,,,,2112,1679,ACR
G0027388.JPG,,,,,,,2030,1737,ACR
G0027388.JPG,,,,,,,2294,3403,Sediment
G0027388.JPG,,,,,,,2081,3311,Sediment
G0027388.JPG,,,,,,,2255,3275,Sediment
G0027388.JPG,,,,,,,2460,527,ACR
G0027388.JPG,,,,,,,2502,214,ACR
G0027388.JPG,,,,,,,2642,284,ACR
G0027388.JPG,,,,,,,2708,1032,ACR
G0027388.JPG,,,,,,,2892,1220,ACR
G0027388.JPG,,,,,,,2481,1135,ACR
G0027388.JPG,,,,,,,2876,2034,ACR
G0027388.JPG,,,,,,,2629,2318,ACR
G0027388.JPG,,,,,,,2590,2177,ACR
G0027388.JPG,,,,,,,2493,1992,ACR
G0027388.JPG,,,,,,,2630,2099,ACR
G0027388.JPG,,,,,,,2973,3105,ACR
G0027388.JPG,,,,,,,2418,2448,ACR
G0027388.JPG,,,,,,,2858,3219,ACR
G0027388.JPG,,,,,,,2514,3512,Sediment
G0027388.JPG,,,,,,,2581,3245,ACR
G0027388.JPG,,,,,,,2580,3934,Sediment
G0027388.JPG,,,,,,,2508,3444,Sediment
G0027388.JPG,,,,,,,2637,3833,Sediment
G0027562.JPG,,,,,,,54,443,ACR
G0027562.JPG,,,,,,,456,758,ACR
G0027562.JPG,,,,,,,2,1351,Sediment
G0027562.JPG,,,,,,,172,1295,STY
G0027562.JPG,,,,,,,507,1128,ACR
G0027562.JPG,,,,,,,220,2352,Sediment
G0027562.JPG,,,,,,,257,1917,Sediment
G0027562.JPG,,,,,,,549,1621,Sediment
G0027562.JPG,,,,,,,525,2209,Sediment
G0027562.JPG,,,,,,,388,2295,Sediment
G0027562.JPG,,,,,,,143,3042,SED-C
G0027562.JPG,,,,,,,394,3860,SED-C
G0027562.JPG,,,,,,,434,3273,SED-C
G0027562.JPG,,,,,,,221,3841,SED-C
G0027562.JPG,,,,,,,298,3974,SED-C
G0027562.JPG,,,,,,,559,3524,Sediment
G0027562.JPG,,,,,,,210,3505,SED-C
G0027562.JPG,,,,,,,1172,234,Sediment
G0027562.JPG,,,,,,,1003,1012,SED-C
G0027562.JPG,,,,,,,809,1356,Sediment
G0027562.JPG,,,,,,,876,871,SED-C
G0027562.JPG,,,,,,,1189,1280,SED-C
G0027562.JPG,,,,,,,1072,1108,Sediment
G0027562.JPG,,,,,,,883,897,SED-C
G0027562.JPG,,,,,,,1088,1966,Sediment
G0027562.JPG,,,,,,,1192,1922,Sediment
G0027562.JPG,,,,,,,954,2000,Sediment
G0027562.JPG,,,,,,,1149,1897,Sediment
G0027562.JPG,,,,,,,757,2064,Sediment
G0027562.JPG,,,,,,,660,2210,Sediment
G0027562.JPG,,,,,,,954,2844,Sediment
G0027562.JPG,,,,,,,1121,3150,Sediment
G0027562.JPG,,,,,,,970,2787,Sediment
G0027562.JPG,,,,,,,1157,2456,Sediment
G0027562.JPG,,,,,,,874,2946,Sediment
G0027562.JPG,,,,,,,1145,3187,Sediment
G0027562.JPG,,,,,,,702,3138,Sediment
G0027562.JPG,,,,,,,779,3797,Sediment
G0027562.JPG,,,,,,,727,3822,Sediment
G0027562.JPG,,,,,,,1128,3361,Sediment
G0027562.JPG,,,,,,,1496,681,STY
G0027562.JPG,,,,,,,1211,774,Sediment
G0027562.JPG,,,,,,,1320,1024,Sediment
G0027562.JPG,,,,,,,1294,1488,Sediment
G0027562.JPG,,,,,,,1787,1594,Sediment
G0027562.JPG,,,,,,,1679,1444,Sediment
G0027562.JPG,,,,,,,1731,923,Sediment
G0027562.JPG,,,,,,,1262,885,Sediment
G0027562.JPG,,,,,,,1746,886,Sediment
G0027562.JPG,,,,,,,1401,1064,Sediment
G0027562.JPG,,,,,,,1574,2288,Sediment
G0027562.JPG,,,,,,,1776,2075,Sediment
G0027562.JPG,,,,,,,1595,1827,Sediment
G0027562.JPG,,,,,,,1275,2773,Sediment
G0027562.JPG,,,,,,,1219,2979,Sediment
G0027562.JPG,,,,,,,1453,2776,Sediment
G0027562.JPG,,,,,,,1258,2795,Sediment
G0027562.JPG,,,,,,,1777,2733,Sediment
G0027562.JPG,,,,,,,2150,283,POC
G0027562.JPG,,,,,,,2049,368,POC
G0027562.JPG,,,,,,,2375,1223,Sediment
G0027562.JPG,,,,,,,1927,1458,STY
G0027562.JPG,,,,,,,2127,2121,STY
G0027562.JPG,,,,,,,2350,2129,Sediment
G0027562.JPG,,,,,,,2282,1601,Sediment
G0027562.JPG,,,,,,,1854,2766,Sediment
G0027562.JPG,,,,,,,2393,3789,Sediment
G0027562.JPG,,,,,,,2112,3213,Sediment
G0027562.JPG,,,,,,,2256,3475,Sediment
G0027562.JPG,,,,,,,2933,508,Sediment
G0027562.JPG,,,,,,,2501,689,Sediment
G0027562.JPG,,,,,,,2528,406,Sediment
G0027562.JPG,,,,,,,2463,152,Sediment
G0027562.JPG,,,,,,,2980,1524,Sediment
G0027562.JPG,,,,,,,2765,1560,Sediment
G0027562.JPG,,,,,,,2770,1246,Sediment
G0027562.JPG,,,,,,,2934,1321,Sediment
G0027562.JPG,,,,,,,2992,2178,Sediment
G0027562.JPG,,,,,,,2416,1608,Sediment
G0027562.JPG,,,,,,,2664,2232,Sediment
G0027562.JPG,,,,,,,2988,2374,Sediment
G0027562.JPG,,,,,,,2492,1880,Sediment
G0027562.JPG,,,,,,,2879,2634,Sediment
G0027562.JPG,,,,,,,2474,2572,Sediment
G0027562.JPG,,,,,,,2923,2956,Sediment
G0027562.JPG,,,,,,,2580,2583,Sediment
G0027562.JPG,,,,,,,2589,2769,Sediment
G0027562.JPG,,,,,,,2422,3420,Sediment
G0027562.JPG,,,,,,,2496,3216,Sediment
G0027562.JPG,,,,,,,2830,3722,Sediment
G0027562.JPG,,,,,,,2905,3493,Sediment
G0027562.JPG,,,,,,,2961,3241,Sediment
G0027562.JPG,,,,,,,2557,3209,Sediment
G0027562.JPG,,,,,,,2668,3967,Sediment
G0027685.JPG,,,,,,,63,280,ACR
G0027685.JPG,,,,,,,131,715,ACR
G0027685.JPG,,,,,,,392,532,ACR
G0027685.JPG,,,,,,,169,837,ACR
G0027685.JPG,,,,,,,592,1304,ACR
G0027685.JPG,,,,,,,78,999,ACR
G0027685.JPG,,,,,,,537,1272,ACR
G0027685.JPG,,,,,,,550,1679,ALV
G0027685.JPG,,,,,,,25,2038,ALV
G0027685.JPG,,,,,,,442,2124,ALV
G0027685.JPG,,,,,,,206,1823,ALV
G0027685.JPG,,,,,,,356,2025,ALV
G0027685.JPG,,,,,,,520,2811,ALV
G0027685.JPG,,,,,,,84,2946,ACR
G0027685.JPG,,,,,,,239,2907,ACR
G0027685.JPG,,,,,,,222,3242,ACR
G0027685.JPG,,,,,,,56,3892,ACR
G0027685.JPG,,,,,,,698,613,ACR
G0027685.JPG,,,,,,,718,386,ACR
G0027685.JPG,,,,,,,679,185,ACR
G0027685.JPG,,,,,,,729,762,POC
G0027685.JPG,,,,,,,728,857,POC
G0027685.JPG,,,,,,,830,998,POC
G0027685.JPG,,,,,,,681,1319,ACR
G0027685.JPG,,,,,,,702,2194,SED-C
G0027685.JPG,,,,,,,615,1932,ALV
G0027685.JPG,,,,,,,661,1958,ALV
G0027685.JPG,,,,,,,851,2397,ALV
G0027685.JPG,,,,,,,1094,2251,ALV
G0027685.JPG,,,,,,,669,2821,ALV
G0027685.JPG,,,,,,,612,3003,ALV
G0027685.JPG,,,,,,,825,2605,Sediment
G0027685.JPG,,,,,,,1151,3943,POC
G0027685.JPG,,,,,,,1022,3716,POC
G0027685.JPG,,,,,,,871,3798,POC
G0027685.JPG,,,,,,,707,3260,POC
G0027685.JPG,,,,,,,1116,3838,POC
G0027685.JPG,,,,,,,665,3761,POC
G0027685.JPG,,,,,,,1351,161,Sediment
G0027685.JPG,,,,,,,1702,318,POC
G0027685.JPG,,,,,,,1374,485,ACR
G0027685.JPG,,,,,,,1398,203,Sediment
G0027685.JPG,,,,,,,1466,1550,Sediment
G0027685.JPG,,,,,,,1769,1186,POC
G0027685.JPG,,,,,,,1210,872,Sediment
G0027685.JPG,,,,,,,1738,1760,STY
G0027685.JPG,,,,,,,1738,2042,ALV
G0027685.JPG,,,,,,,1238,2998,ALV
G0027685.JPG,,,,,,,1406,2546,ALV
G0027685.JPG,,,,,,,1518,2580,ALV
G0027685.JPG,,,,,,,1741,2603,ALV
G0027685.JPG,,,,,,,1775,3002,POC
G0027685.JPG,,,,,,,1473,2649,ALV
G0027685.JPG,,,,,,,1349,3848,POC
G0027685.JPG,,,,,,,1623,3637,POC
G0027685.JPG,,,,,,,1608,3301,POC
G0027685.JPG,,,,,,,1351,3317,POC
G0027685.JPG,,,,,,,1203,3739,POC
G0027685.JPG,,,,,,,1680,3606,Sediment
G0027685.JPG,,,,,,,1697,3898,Sediment
G0027685.JPG,,,,,,,2043,68,POC
G0027685.JPG,,,,,,,1819,354,POC
G0027685.JPG,,,,,,,1829,86,POC
G0027685.JPG,,,,,,,2311,192,POC
G0027685.JPG,,,,,,,2302,969,POC
G0027685.JPG,,,,,,,1839,1433,POC
G0027685.JPG,,,,,,,2293,1172,POC
G0027685.JPG,,,,,,,1822,1246,POC
G0027685.JPG,,,,,,,1846,1524,STY
G0027685.JPG,,,,,,,1842,2183,STY
G0027685.JPG,,,,,,,1835,1656,STY
G0027685.JPG,,,,,,,2005,2113,STY
G0027685.JPG,,,,,,,1825,2341,Sediment
G0027685.JPG,,,,,,,1968,2152,STY
G0027685.JPG,,,,,,,2029,2472,STY
G0027685.JPG,,,,,,,2373,2806,Sediment
G0027685.JPG,,,,,,,2230,3788,Sediment
G0027685.JPG,,,,,,,2276,3510,ACR
G0027685.JPG,,,,,,,2247,3533,ACR
G0027685.JPG,,,,,,,2848,618,ACR
G0027685.JPG,,,,,,,2968,797,ACR
G0027685.JPG,,,,,,,2408,890,ACR
G0027685.JPG,,,,,,,2412,1517,ACR
G0027685.JPG,,,,,,,2800,1044,ACR
G0027685.JPG,,,,,,,2467,1453,ACR
G0027685.JPG,,,,,,,2572,1513,ACR
G0027685.JPG,,,,,,,2903,1155,ACR
G0027685.JPG,,,,,,,2436,812,ACR
G0027685.JPG,,,,,,,2810,1457,ACR
G0027685.JPG,,,,,,,2739,1705,ACR
G0027685.JPG,,,,,,,2541,1710,STY
G0027685.JPG,,,,,,,2414,2300,Sediment
G0027685.JPG,,,,,,,2485,2058,STY
G0027685.JPG,,,,,,,2994,2285,Sediment
G0027685.JPG,,,,,,,2834,1866,ACR
G0027685.JPG,,,,,,,2839,2157,Sediment
G0027685.JPG,,,,,,,2411,3006,Sediment
G0027685.JPG,,,,,,,2531,2610,Sediment
G0027685.JPG,,,,,,,2908,2567,STY
G0027685.JPG,,,,,,,2863,3779,ACR
G0027805.JPG,,,,,,,485,640,Sediment
G0027805.JPG,,,,,,,390,799,Sediment
G0027805.JPG,,,,,,,592,521,Sediment
G0027805.JPG,,,,,,,175,1446,Sediment
G0027805.JPG,,,,,,,541,1357,Sediment
G0027805.JPG,,,,,,,255,1513,Sediment
G0027805.JPG,,,,,,,396,923,Sediment
G0027805.JPG,,,,,,,116,1039,Sediment
G0027805.JPG,,,,,,,406,1028,Sediment
G0027805.JPG,,,,,,,409,1980,Sediment
G0027805.JPG,,,,,,,197,2176,Sediment
G0027805.JPG,,,,,,,101,1738,Sediment
G0027805.JPG,,,,,,,374,3171,Sediment
G0027805.JPG,,,,,,,406,2487,Sediment
G0027805.JPG,,,,,,,26,3381,Sediment
G0027805.JPG,,,,,,,419,3533,Sediment
G0027805.JPG,,,,,,,476,3665,Sediment
G0027805.JPG,,,,,,,545,3770,Sediment
G0027805.JPG,,,,,,,1104,546,Sediment
G0027805.JPG,,,,,,,843,599,Sediment
G0027805.JPG,,,,,,,815,653,Sediment
G0027805.JPG,,,,,,,1191,266,Sediment
G0027805.JPG,,,,,,,745,481,Sediment
G0027805.JPG,,,,,,,871,349,Sediment
G0027805.JPG,,,,,,,1075,209,Sediment
G0027805.JPG,,,,,,,943,725,Sediment
G0027805.JPG,,,,,,,804,1064,Sediment
G0027805.JPG,,,,,,,797,840,Sediment
G0027805.JPG,,,,,,,618,924,Sediment
G0027805.JPG,,,,,,,1114,1399,Sediment
G0027805.JPG,,,,,,,990,1270,Sediment
G0027805.JPG,,,,,,,852,2001,Sediment
G0027805.JPG,,,,,,,637,2185,Sediment
G0027805.JPG,,,,,,,1054,2319,Sediment
G0027805.JPG,,,,,,,824,1770,Sediment
G0027805.JPG,,,,,,,1112,2169,Sediment
G0027805.JPG,,,,,,,703,1851,Sediment
G0027805.JPG,,,,,,,720,3123,Sediment
G0027805.JPG,,,,,,,747,3112,Sediment
G0027805.JPG,,,,,,,859,2607,Sediment
G0027805.JPG,,,,,,,996,2963,Sediment
G0027805.JPG,,,,,,,604,2555,Sediment
G0027805.JPG,,,,,,,902,3302,Sediment
G0027805.JPG,,,,,,,635,3323,Sediment
G0027805.JPG,,,,,,,1640,14,Sediment
G0027805.JPG,,,,,,,1598,315,Sediment
G0027805.JPG,,,,,,,1219,736,Sediment
G0027805.JPG,,,,,,,1415,114,Sediment
G0027805.JPG,,,,,,,1351,381,Sediment
G0027805.JPG,,,,,,,1548,548,Sediment
G0027805.JPG,,,,,,,1498,857,Sediment
G0027805.JPG,,,,,,,1509,1352,STY
G0027805.JPG,,,,,,,1721,1567,STY
G0027805.JPG,,,,,,,1699,2054,Sediment
G0027805.JPG,,,,,,,1368,2605,Sediment
G0027805.JPG,,,,,,,1298,2447,Sediment
G0027805.JPG,,,,,,,1279,3822,Sediment
G0027805.JPG,,,,,,,1633,3949,Sediment
G0027805.JPG,,,,,,,2013,12,ISO
G0027805.JPG,,,,,,,2002,259,ISO
G0027805.JPG,,,,,,,2391,236,ISO
G0027805.JPG,,,,,,,2231,584,ISO
G0027805.JPG,,,,,,,2188,673,ISO
G0027805.JPG,,,,,,,2354,323,ISO
G0027805.JPG,,,,,,,2369,1005,Sediment
G0027805.JPG,,,,,,,2208,982,Sediment
G0027805.JPG,,,,,,,1812,1593,STY
G0027805.JPG,,,,,,,2095,1234,STY
G0027805.JPG,,,,,,,2275,1020,Sediment
G0027805.JPG,,,,,,,2269,2864,Sediment
G0027805.JPG,,,,,,,1881,2532,Sediment
G0027805.JPG,,,,,,,1944,2527,Sediment
G0027805.JPG,,,,,,,1890,2843,Sediment
G0027805.JPG,,,,,,,2013,2631,Sediment
G0027805.JPG,,,,,,,2290,2520,Sediment
G0027805.JPG,,,,,,,2157,3325,Sediment
G0027805.JPG,,,,,,,1827,3857,Sediment
G0027805.JPG,,,,,,,1847,3959,Sediment
G0027805.JPG,,,,,,,2381,3965,Sediment
G0027805.JPG,,,,,,,2436,180,STY
G0027805.JPG,,,,,,,2958,781,STY
G0027805.JPG,,,,,,,2777,312,STY
G0027805.JPG,,,,,,,2616,600,STY
G0027805.JPG,,,,,,,2923,849,STY
G0027805.JPG,,,,,,,2852,1285,STY
G0027805.JPG,,,,,,,2771,804,STY
G0027805.JPG,,,,,,,2700,1090,STY
G0027805.JPG,,,,,,,2684,1393,Sediment
G0027805.JPG,,,,,,,2839,1195,STY
G0027805.JPG,,,,,,,2640,1043,STY
G0027805.JPG,,,,,,,2817,1801,Sediment
G0027805.JPG,,,,,,,2684,1653,Sediment
G0027805.JPG,,,,,,,2981,1689,Sediment
G0027805.JPG,,,,,,,2508,1764,Sediment
G0027805.JPG,,,,,,,2684,3899,Sediment
G0027805.JPG,,,,,,,2487,3281,Sediment
G0028246.JPG,,,,,,,592,305,Sediment
G0028246.JPG,,,,,,,466,797,ACR
G0028246.JPG,,,,,,,126,507,Sediment
G0028246.JPG,,,,,,,55,1406,Sediment
G0028246.JPG,,,,,,,269,1051,ACR
G0028246.JPG,,,,,,,300,1221,ACR
G0028246.JPG,,,,,,,219,865,ACR
G0028246.JPG,,,,,,,302,1563,SED-C
G0028246.JPG,,,,,,,191,1218,SED-C
G0028246.JPG,,,,,,,466,2071,AST
G0028246.JPG,,,,,,,109,1855,AST
G0028246.JPG,,,,,,,454,1711,SED-C
G0028246.JPG,,,,,,,472,1922,SED-C
G0028246.JPG,,,,,,,422,1842,AST
G0028246.JPG,,,,,,,295,1903,SED-C
G0028246.JPG,,,,,,,287,2775,AST
G0028246.JPG,,,,,,,84,2625,AST
G0028246.JPG,,,,,,,288,3318,Sediment
G0028246.JPG,,,,,,,480,3447,Sediment
G0028246.JPG,,,,,,,558,3262,Sediment
G0028246.JPG,,,,,,,239,3851,Sediment
G0028246.JPG,,,,,,,246,3689,Sediment
G0028246.JPG,,,,,,,149,3712,Sediment
G0028246.JPG,,,,,,,167,3836,Sediment
G0028246.JPG,,,,,,,1044,621,Sediment
G0028246.JPG,,,,,,,831,526,Sediment
G0028246.JPG,,,,,,,687,604,Sediment
G0028246.JPG,,,,,,,861,1306,Sediment
G0028246.JPG,,,,,,,1199,1431,Sediment
G0028246.JPG,,,,,,,731,1236,Sediment
G0028246.JPG,,,,,,,607,1539,Sediment
G0028246.JPG,,,,,,,668,1713,AST
G0028246.JPG,,,,,,,700,2370,Sediment
G0028246.JPG,,,,,,,1145,2404,Sediment
G0028246.JPG,,,,,,,1039,3457,Sediment
G0028246.JPG,,,,,,,689,3811,Sediment
G0028246.JPG,,,,,,,1086,3626,Sediment
G0028246.JPG,,,,,,,743,3263,Sediment
G0028246.JPG,,,,,,,1154,3956,AST
G0028246.JPG,,,,,,,1282,531,Sediment
G0028246.JPG,,,,,,,1359,474,Sediment
G0028246.JPG,,,,,,,1408,1254,Sediment
G0028246.JPG,,,,,,,1367,1271,Sediment
G0028246.JPG,,,,,,,1726,1436,Sediment
G0028246.JPG,,,,,,,1689,2273,B_Astreo
G0028246.JPG,,,,,,,1526,2108,Sediment
G0028246.JPG,,,,,,,1393,1749,Sediment
G0028246.JPG,,,,,,,1334,1818,Sediment
G0028246.JPG,,,,,,,1450,1666,Sediment
G0028246.JPG,,,,,,,1545,1607,Sediment
G0028246.JPG,,,,,,,1573,2959,STY
G0028246.JPG,,,,,,,1545,3179,STY
G0028246.JPG,,,,,,,1380,3701,STY
G0028246.JPG,,,,,,,1370,3442,STY
G0028246.JPG,,,,,,,1627,3594,STY
G0028246.JPG,,,,,,,2366,641,Sediment
G0028246.JPG,,,,,,,2346,56,Sediment
G0028246.JPG,,,,,,,2294,152,Sediment
G0028246.JPG,,,,,,,2138,332,Sediment
G0028246.JPG,,,,,,,2352,647,Sediment
G0028246.JPG,,,,,,,2380,1345,Sediment
G0028246.JPG,,,,,,,2379,1378,Sediment
G0028246.JPG,,,,,,,1995,908,Sediment
G0028246.JPG,,,,,,,2053,1155,Sediment
G0028246.JPG,,,,,,,2315,1480,PLA
G0028246.JPG,,,,,,,2002,3032,B_Styloph
G0028246.JPG,,,,,,,1809,2590,Sediment
G0028246.JPG,,,,,,,2026,3879,Sediment
G0028246.JPG,,,,,,,2189,3765,ACR
G0028246.JPG,,,,,,,1852,3426,Sediment
G0028246.JPG,,,,,,,2087,3520,ACR
G0028246.JPG,,,,,,,2314,3653,ACR
G0028246.JPG,,,,,,,2717,627,Sediment
G0028246.JPG,,,,,,,2651,265,Sediment
G0028246.JPG,,,,,,,2539,590,Sediment
G0028246.JPG,,,,,,,2591,323,Sediment
G0028246.JPG,,,,,,,2418,1096,Sediment
G0028246.JPG,,,,,,,2815,1057,Sediment
G0028246.JPG,,,,,,,2426,933,Sediment
G0028246.JPG,,,,,,,2740,826,SED-C
G0028246.JPG,,,,,,,2888,935,Sediment
G0028246.JPG,,,,,,,2883,3518,Sediment
G0028246.JPG,,,,,,,2853,3258,Sediment
G0028246.JPG,,,,,,,2637,3601,Sediment
G0028246.JPG,,,,,,,2918,3331,Sediment
G0028246.JPG,,,,,,,2894,3778,Sediment
G0028407.JPG,,,,,,,340,482,Sediment
G0028407.JPG,,,,,,,533,491,Sediment
G0028407.JPG,,,,,,,375,100,Sediment
G0028407.JPG,,,,,,,431,932,Sediment
G0028407.JPG,,,,,,,372,2375,Sediment
G0028407.JPG,,,,,,,334,1670,Sediment
G0028407.JPG,,,,,,,43,1863,Sediment
G0028407.JPG,,,,,,,340,2613,Sediment
G0028407.JPG,,,,,,,151,3361,Sediment
G0028407.JPG,,,,,,,110,3230,Sediment
G0028407.JPG,,,,,,,573,3324,Sediment
G0028407.JPG,,,,,,,1066,198,Sediment
G0028407.JPG,,,,,,,1118,257,Sediment
G0028407.JPG,,,,,,,966,560,Sediment
G0028407.JPG,,,,,,,1166,311,Sediment
G0028407.JPG,,,,,,,786,484,Sediment
G0028407.JPG,,,,,,,1051,279,Sediment
G0028407.JPG,,,,,,,612,853,Sediment
G0028407.JPG,,,,,,,1135,854,Sediment
G0028407.JPG,,,,,,,1079,1024,Sediment
G0028407.JPG,,,,,,,971,1067,Sediment
G0028407.JPG,,,,,,,755,1310,Sediment
G0028407.JPG,,,,,,,734,1090,Sediment
G0028407.JPG,,,,,,,1034,1243,Sediment
G0028407.JPG,,,,,,,761,1695,Sediment
G0028407.JPG,,,,,,,709,2358,Sediment
G0028407.JPG,,,,,,,1164,2306,Sediment
G0028407.JPG,,,,,,,1143,2830,Sediment
G0028407.JPG,,,,,,,776,2798,Sediment
G0028407.JPG,,,,,,,903,2479,Sediment
G0028407.JPG,,,,,,,920,3084,Sediment
G0028407.JPG,,,,,,,843,3080,Sediment
G0028407.JPG,,,,,,,1146,2938,Sediment
G0028407.JPG,,,,,,,736,2504,Sediment
G0028407.JPG,,,,,,,836,2491,Sediment
G0028407.JPG,,,,,,,1000,2579,Sediment
G0028407.JPG,,,,,,,876,3453,Sediment
G0028407.JPG,,,,,,,730,3809,Sediment
G0028407.JPG,,,,,,,1373,405,ACR
G0028407.JPG,,,,,,,1536,585,ACR
G0028407.JPG,,,,,,,1691,847,ACR
G0028407.JPG,,,,,,,1305,1537,Sediment
G0028407.JPG,,,,,,,1573,939,Sediment
G0028407.JPG,,,,,,,1366,1532,Sediment
G0028407.JPG,,,,,,,1731,1448,Sediment
G0028407.JPG,,,,,,,1755,1456,Sediment
G0028407.JPG,,,,,,,1502,1963,Sediment
G0028407.JPG,,,,,,,1517,2205,Sediment
G0028407.JPG,,,,,,,1751,2090,Sediment
G0028407.JPG,,,,,,,1707,1665,Sediment
G0028407.JPG,,,,,,,1673,1894,Sediment
G0028407.JPG,,,,,,,1307,2804,Sediment
G0028407.JPG,,,,,,,1736,2853,Sediment
G0028407.JPG,,,,,,,1745,3121,Sediment
G0028407.JPG,,,,,,,1643,2495,Sediment
G0028407.JPG,,,,,,,1274,3126,Sediment
G0028407.JPG,,,,,,,1200,3626,Sediment
G0028407.JPG,,,,,,,1360,3526,Sediment
G0028407.JPG,,,,,,,1633,3659,Sediment
G0028407.JPG,,,,,,,1345,3474,Sediment
G0028407.JPG,,,,,,,1757,3253,Sediment
G0028407.JPG,,,,,,,2290,794,ACR
G0028407.JPG,,,,,,,2161,435,ACR
G0028407.JPG,,,,,,,1927,469,ACR
G0028407.JPG,,,,,,,2098,8,ACR
G0028407.JPG,,,,,,,2093,239,ACR
G0028407.JPG,,,,,,,1848,674,ACR
G0028407.JPG,,,,,,,2268,1301,ACR
G0028407.JPG,,,,,,,2286,2216,Sediment
G0028407.JPG,,,,,,,2312,1713,ACR
G0028407.JPG,,,,,,,2159,1648,Sediment
G0028407.JPG,,,,,,,2251,2207,Sediment
G0028407.JPG,,,,,,,1827,2445,Sediment
G0028407.JPG,,,,,,,1970,2913,ACR
G0028407.JPG,,,,,,,1951,2732,ACR
G0028407.JPG,,,,,,,1950,3745,Sediment
G0028407.JPG,,,,,,,1870,3658,Sediment
G0028407.JPG,,,,,,,1807,3280,Sediment
G0028407.JPG,,,,,,,1904,3696,Sediment
G0028407.JPG,,,,,,,2410,695,ACR
G0028407.JPG,,,,,,,2505,633,ACR
G0028407.JPG,,,,,,,2634,277,ACR
G0028407.JPG,,,,,,,2740,203,ACR
G0028407.JPG,,,,,,,2548,229,ACR
G0028407.JPG,,,,,,,2651,618,ACR
G0028407.JPG,,,,,,,2538,792,ACR
G0028407.JPG,,,,,,,2750,1175,ACR
G0028407.JPG,,,,,,,2843,1269,ACR
G0028407.JPG,,,,,,,2561,1592,ACR
G0028407.JPG,,,,,,,2990,1755,ACR
G0028407.JPG,,,,,,,2609,1706,ACR
G0028407.JPG,,,,,,,2433,2318,Sediment
G0028407.JPG,,,,,,,2835,2616,Sediment
G0028407.JPG,,,,,,,2787,2423,Sediment
G0028407.JPG,,,,,,,2757,2715,Sediment
G0028407.JPG,,,,,,,2579,3754,ACR
G0028407.JPG,,,,,,,2994,3845,ACR
G0028407.JPG,,,,,,,2981,3613,Sediment
G0028407.JPG,,,,,,,2689,3346,ACR
G0028407.JPG,,,,,,,2448,3413,ACR
G0028412.JPG,,,,,,,233,1540,Sediment
G0028412.JPG,,,,,,,273,1861,Sediment
G0028412.JPG,,,,,,,158,1667,Sediment
G0028412.JPG,,,,,,,245,2923,Sediment
G0028412.JPG,,,,,,,330,2562,Sediment
G0028412.JPG,,,,,,,527,2759,Sediment
G0028412.JPG,,,,,,,181,2855,Sediment
G0028412.JPG,,,,,,,543,2699,Sediment
G0028412.JPG,,,,,,,25,3671,Sediment
G0028412.JPG,,,,,,,511,3711,Sediment
G0028412.JPG,,,,,,,810,1215,Sediment
G0028412.JPG,,,,,,,778,1118,Sediment
G0028412.JPG,,,,,,,1103,1097,Sediment
G0028412.JPG,,,,,,,784,1961,Sediment
G0028412.JPG,,,,,,,1118,2028,Sediment
G0028412.JPG,,,,,,,836,1618,Sediment
G0028412.JPG,,,,,,,1083,2167,Sediment
G0028412.JPG,,,,,,,856,2511,Sediment
G0028412.JPG,,,,,,,872,2718,Sediment
G0028412.JPG,,,,,,,965,2742,Sediment
G0028412.JPG,,,,,,,800,3243,Sediment
G0028412.JPG,,,,,,,622,3757,Sediment
G0028412.JPG,,,,,,,1197,3871,Sediment
G0028412.JPG,,,,,,,754,3909,Sediment
G0028412.JPG,,,,,,,866,3238,Sediment
G0028412.JPG,,,,,,,999,3789,Sediment
G0028412.JPG,,,,,,,1667,294,Sediment
G0028412.JPG,,,,,,,1728,589,Sediment
G0028412.JPG,,,,,,,1675,620,Sediment
G0028412.JPG,,,,,,,1672,222,ACR
G0028412.JPG,,,,,,,1351,1487,Sediment
G0028412.JPG,,,,,,,1787,1427,Sediment
G0028412.JPG,,,,,,,1749,1420,Sediment
G0028412.JPG,,,,,,,1359,864,Sediment
G0028412.JPG,,,,,,,1206,2016,Sediment
G0028412.JPG,,,,,,,1336,1903,Sediment
G0028412.JPG,,,,,,,1797,2213,Sediment
G0028412.JPG,,,,,,,1436,2223,Sediment
G0028412.JPG,,,,,,,1634,1614,Sediment
G0028412.JPG,,,,,,,1583,2625,Sediment
G0028412.JPG,,,,,,,1783,2650,Sediment
G0028412.JPG,,,,,,,1463,2773,Sediment
G0028412.JPG,,,,,,,1296,2467,Sediment
G0028412.JPG,,,,,,,1641,3004,Sediment
G0028412.JPG,,,,,,,1584,3918,Sediment
G0028412.JPG,,,,,,,1373,3749,Sediment
G0028412.JPG,,,,,,,1731,3260,Sediment
G0028412.JPG,,,,,,,1221,3908,Sediment
G0028412.JPG,,,,,,,1822,695,Sediment
G0028412.JPG,,,,,,,2105,323,ACR
G0028412.JPG,,,,,,,2133,287,ACR
G0028412.JPG,,,,,,,2131,597,ACR
G0028412.JPG,,,,,,,2235,315,ACR
G0028412.JPG,,,,,,,2152,918,Sediment
G0028412.JPG,,,,,,,2174,1194,Sediment
G0028412.JPG,,,,,,,2360,1020,Sediment
G0028412.JPG,,,,,,,1955,1035,Sediment
G0028412.JPG,,,,,,,1903,1149,Sediment
G0028412.JPG,,,,,,,2091,1103,Sediment
G0028412.JPG,,,,,,,2237,2290,Sediment
G0028412.JPG,,,,,,,2161,2284,Sediment
G0028412.JPG,,,,,,,2313,2068,Sediment
G0028412.JPG,,,,,,,2112,2073,Sediment
G0028412.JPG,,,,,,,2324,2054,Sediment
G0028412.JPG,,,,,,,1853,2038,Sediment
G0028412.JPG,,,,,,,1911,2287,Sediment
G0028412.JPG,,,,,,,2067,2343,Sediment
G0028412.JPG,,,,,,,1982,2906,Sediment
G0028412.JPG,,,,,,,2028,2997,Sediment
G0028412.JPG,,,,,,,2104,2521,Sediment
G0028412.JPG,,,,,,,2257,2919,Sediment
G0028412.JPG,,,,,,,1999,3423,Sediment
G0028412.JPG,,,,,,,2356,3664,Sediment
G0028412.JPG,,,,,,,2975,625,Sediment
G0028412.JPG,,,,,,,2683,774,Sediment
G0028412.JPG,,,,,,,2884,661,Sediment
G0028412.JPG,,,,,,,2586,772,Sediment
G0028412.JPG,,,,,,,2400,716,Sediment
G0028412.JPG,,,,,,,2760,1022,Sediment
G0028412.JPG,,,,,,,2848,1480,Sediment
G0028412.JPG,,,,,,,2417,1354,Sediment
G0028412.JPG,,,,,,,2640,1792,Sediment
G0028412.JPG,,,,,,,2812,1968,Sediment
G0028412.JPG,,,,,,,2577,2898,Sediment
G0028412.JPG,,,,,,,2442,2767,Sediment
G0028412.JPG,,,,,,,2472,3250,Sediment
G0028412.JPG,,,,,,,2930,3857,Sediment
G0028485.JPG,,,,,,,531,12,Sediment
G0028485.JPG,,,,,,,194,552,Sediment
G0028485.JPG,,,,,,,14,465,Sediment
G0028485.JPG,,,,,,,13,1499,Sediment
G0028485.JPG,,,,,,,386,1352,Sediment
G0028485.JPG,,,,,,,454,1349,Sediment
G0028485.JPG,,,,,,,420,1257,Sediment
G0028485.JPG,,,,,,,519,2101,Sediment
G0028485.JPG,,,,,,,86,2288,SED-C
G0028485.JPG,,,,,,,431,2278,SED-C
G0028485.JPG,,,,,,,245,2199,SED-C
G0028485.JPG,,,,,,,563,2955,SED-C
G0028485.JPG,,,,,,,472,3409,SED-C
G0028485.JPG,,,,,,,151,3809,Sediment
G0028485.JPG,,,,,,,320,3528,Sediment
G0028485.JPG,,,,,,,196,3247,SED-C
G0028485.JPG,,,,,,,136,3844,Sediment
G0028485.JPG,,,,,,,609,534,Sediment
G0028485.JPG,,,,,,,1084,27,Sediment
G0028485.JPG,,,,,,,1012,597,Sediment
G0028485.JPG,,,,,,,806,573,Sediment
G0028485.JPG,,,,,,,1133,112,Sediment
G0028485.JPG,,,,,,,1178,789,Sediment
G0028485.JPG,,,,,,,852,1427,Sediment
G0028485.JPG,,,,,,,897,1446,Sediment
G0028485.JPG,,,,,,,985,1243,Sediment
G0028485.JPG,,,,,,,638,2035,Sediment
G0028485.JPG,,,,,,,1178,1828,Sediment
G0028485.JPG,,,,,,,808,1972,Sediment
G0028485.JPG,,,,,,,1011,1680,Sediment
G0028485.JPG,,,,,,,1058,2839,B_Styloph
G0028485.JPG,,,,,,,1041,2457,Sediment
G0028485.JPG,,,,,,,1176,2505,Sediment
G0028485.JPG,,,,,,,1188,3569,SED-C
G0028485.JPG,,,,,,,1066,3554,SED-C
G0028485.JPG,,,,,,,783,3998,Sediment
G0028485.JPG,,,,,,,1596,330,Sediment
G0028485.JPG,,,,,,,1694,543,Sediment
G0028485.JPG,,,,,,,1619,32,Sediment
G0028485.JPG,,,,,,,1263,597,Sediment
G0028485.JPG,,,,,,,1343,477,Sediment
G0028485.JPG,,,,,,,1446,808,Sediment
G0028485.JPG,,,,,,,1553,1420,STY
G0028485.JPG,,,,,,,1545,1347,STY
G0028485.JPG,,,,,,,1497,1196,STY
G0028485.JPG,,,,,,,1275,1257,Sediment
G0028485.JPG,,,,,,,1387,1403,Sediment
G0028485.JPG,,,,,,,1362,1067,Sediment
G0028485.JPG,,,,,,,1710,1657,Sediment
G0028485.JPG,,,,,,,1760,2198,Sediment
G0028485.JPG,,,,,,,1501,2057,Sediment
G0028485.JPG,,,,,,,1773,3180,Sediment
G0028485.JPG,,,,,,,1472,2923,Sediment
G0028485.JPG,,,,,,,1352,2493,Sediment
G0028485.JPG,,,,,,,1673,3612,Sediment
G0028485.JPG,,,,,,,1328,3366,Sediment
G0028485.JPG,,,,,,,1604,3867,Sediment
G0028485.JPG,,,,,,,1632,3949,SED-C
G0028485.JPG,,,,,,,1747,3539,Sediment
G0028485.JPG,,,,,,,2207,499,Sediment
G0028485.JPG,,,,,,,1923,221,Sediment
G0028485.JPG,,,,,,,1915,42,ACR
G0028485.JPG,,,,,,,2166,285,Sediment
G0028485.JPG,,,,,,,2273,135,Sediment
G0028485.JPG,,,,,,,2159,1363,SED-C
G0028485.JPG,,,,,,,1875,1162,SED-C
G0028485.JPG,,,,,,,2291,1181,SED-C
G0028485.JPG,,,,,,,2103,1569,SED-C
G0028485.JPG,,,,,,,2335,1904,SED-C
G0028485.JPG,,,,,,,2142,1833,SED-C
G0028485.JPG,,,,,,,1803,1874,SED-C
G0028485.JPG,,,,,,,2068,2035,SED-C
G0028485.JPG,,,,,,,1870,1759,SED-C
G0028485.JPG,,,,,,,2069,3486,SED-C
G0028485.JPG,,,,,,,2187,3422,SED-C
G0028485.JPG,,,,,,,2291,3522,SED-C
G0028485.JPG,,,,,,,2819,796,SED-C
G0028485.JPG,,,,,,,2551,6,Sediment
G0028485.JPG,,,,,,,2816,163,Sediment
G0028485.JPG,,,,,,,2720,657,STY
G0028485.JPG,,,,,,,2459,1387,ACR
G0028485.JPG,,,,,,,2891,1087,SED-C
G0028485.JPG,,,,,,,2839,1135,SED-C
G0028485.JPG,,,,,,,2891,874,SED-C
G0028485.JPG,,,,,,,2432,1855,SED-C
G0028485.JPG,,,,,,,2813,2052,SED-C
G0028485.JPG,,,,,,,2408,2378,SED-C
G0028485.JPG,,,,,,,2569,2187,SED-C
G0028485.JPG,,,,,,,2862,1865,STY
G0028485.JPG,,,,,,,2993,1888,SED-C
G0028485.JPG,,,,,,,2900,1662,SED-C
G0028485.JPG,,,,,,,2704,2735,Sediment
G0028485.JPG,,,,,,,2424,2867,Sediment
G0028485.JPG,,,,,,,2803,3185,Sediment
G0028485.JPG,,,,,,,2529,2818,Sediment
G0028485.JPG,,,,,,,2547,2464,Sediment
G0028485.JPG,,,,,,,2469,3354,Sediment
G0028485.JPG,,,,,,,2531,3200,Sediment
G0028485.JPG,,,,,,,2903,3848,Sediment
_GAL1321.JPG,,,,,,,390,523,Sediment
_GAL1321.JPG,,,,,,,194,607,Sediment
_GAL1321.JPG,,,,,,,26,1293,Sediment
_GAL1321.JPG,,,,,,,352,1066,SED-C
_GAL1321.JPG,,,,,,,8,1039,Sediment
_GAL1321.JPG,,,,,,,368,804,Sediment
_GAL1321.JPG,,,,,,,283,816,Sediment
_GAL1321.JPG,,,,,,,333,1268,Sediment
_GAL1321.JPG,,,,,,,385,2268,Sediment
_GAL1321.JPG,,,,,,,402,2085,Sediment
_GAL1321.JPG,,,,,,,158,2552,ACR
_GAL1321.JPG,,,,,,,305,2850,Sediment
_GAL1321.JPG,,,,,,,174,2644,ACR
_GAL1321.JPG,,,,,,,160,2877,ACR
_GAL1321.JPG,,,,,,,61,3346,Sediment
_GAL1321.JPG,,,,,,,305,3115,ACR
_GAL1321.JPG,,,,,,,48,3574,ACR
_GAL1321.JPG,,,,,,,335,3388,ACR
_GAL1321.JPG,,,,,,,131,3620,ACR
_GAL1321.JPG,,,,,,,207,3197,ACR
_GAL1321.JPG,,,,,,,619,512,ACR
_GAL1321.JPG,,,,,,,691,460,Sediment
_GAL1321.JPG,,,,,,,958,122,Sediment
_GAL1321.JPG,,,,,,,1028,593,Sediment
_GAL1321.JPG,,,,,,,887,936,Sediment
_GAL1321.JPG,,,,,,,639,789,Sediment
_GAL1321.JPG,,,,,,,935,1141,SED-C
_GAL1321.JPG,,,,,,,734,1262,Sediment
_GAL1321.JPG,,,,,,,1032,1590,Sediment
_GAL1321.JPG,,,,,,,990,1874,SED-C
_GAL1321.JPG,,,,,,,989,1791,SED-C
_GAL1321.JPG,,,,,,,909,1976,SED-C
_GAL1321.JPG,,,,,,,558,2606,Sediment
_GAL1321.JPG,,,,,,,908,3017,Sediment
_GAL1321.JPG,,,,,,,912,3085,Sediment
_GAL1321.JPG,,,,,,,747,3073,Sediment
_GAL1321.JPG,,,,,,,1018,2631,Sediment
_GAL1321.JPG,,,,,,,965,2595,Sediment
_GAL1321.JPG,,,,,,,933,3133,Sediment
_GAL1321.JPG,,,,,,,523,3617,ACR
_GAL1321.JPG,,,,,,,720,3432,ALV
_GAL1321.JPG,,,,,,,1236,592,Sediment
_GAL1321.JPG,,,,,,,1222,276,Sediment
_GAL1321.JPG,,,,,,,1534,88,Sediment
_GAL1321.JPG,,,,,,,1466,562,Sediment
_GAL1321.JPG,,,,,,,1507,910,Sediment
_GAL1321.JPG,,,,,,,1411,998,Sediment
_GAL1321.JPG,,,,,,,1347,962,Sediment
_GAL1321.JPG,,,,,,,1476,1277,Sediment
_GAL1321.JPG,,,,,,,1395,1348,Sediment
_GAL1321.JPG,,,,,,,1314,1131,Sediment
_GAL1321.JPG,,,,,,,1316,2275,Sediment
_GAL1321.JPG,,,,,,,1282,1580,Sediment
_GAL1321.JPG,,,,,,,1323,1895,Sediment
_GAL1321.JPG,,,,,,,1398,2251,Sediment
_GAL1321.JPG,,,,,,,1539,1760,Sediment
_GAL1321.JPG,,,,,,,1183,2409,Sediment
_GAL1321.JPG,,,,,,,1531,2461,Sediment
_GAL1321.JPG,,,,,,,1360,3048,ACR
_GAL1321.JPG,,,,,,,1369,3711,ACR
_GAL1321.JPG,,,,,,,1167,3199,Sediment
_GAL1321.JPG,,,,,,,1472,3845,Sediment
_GAL1321.JPG,,,,,,,1655,681,ACR
_GAL1321.JPG,,,,,,,1714,266,Sediment
_GAL1321.JPG,,,,,,,1597,741,Sediment
_GAL1321.JPG,,,,,,,1587,833,Sediment
_GAL1321.JPG,,,,,,,1934,1390,ACR
_GAL1321.JPG,,,,,,,2047,2013,SED-C
_GAL1321.JPG,,,,,,,1931,1730,SED-C
_GAL1321.JPG,,,,,,,1956,2228,SED-C
_GAL1321.JPG,,,,,,,1889,2131,SED-C
_GAL1321.JPG,,,,,,,1841,2069,SED-C
_GAL1321.JPG,,,,,,,1868,2954,SED-C
_GAL1321.JPG,,,,,,,2036,2727,Sediment
_GAL1321.JPG,,,,,,,1958,3031,SED-C
_GAL1321.JPG,,,,,,,1905,3048,SED-C
_GAL1321.JPG,,,,,,,1722,3357,SED-C
_GAL1321.JPG,,,,,,,2169,393,ALV
_GAL1321.JPG,,,,,,,2242,289,ALV
_GAL1321.JPG,,,,,,,2085,546,ALV
_GAL1321.JPG,,,,,,,2591,1577,Sediment
_GAL1321.JPG,,,,,,,2378,2178,Sediment
_GAL1321.JPG,,,,,,,2485,1590,Sediment
_GAL1321.JPG,,,,,,,2310,1634,Sediment
_GAL1321.JPG,,,,,,,2327,2244,Sediment
_GAL1321.JPG,,,,,,,2098,1594,Sediment
_GAL1321.JPG,,,,,,,2530,2740,Sediment
_GAL1321.JPG,,,,,,,2189,2329,Sediment
_GAL1321.JPG,,,,,,,2225,2354,Sediment
_GAL1321.JPG,,,,,,,2333,2346,Sediment
_GAL1578.JPG,,,,,,,337,226,Blisop
_GAL1578.JPG,,,,,,,97,716,SED-C
_GAL1578.JPG,,,,,,,104,596,SED-C
_GAL1578.JPG,,,,,,,292,428,ISO
_GAL1578.JPG,,,,,,,432,826,Sediment
_GAL1578.JPG,,,,,,,106,944,Sediment
_GAL1578.JPG,,,,,,,41,980,Sediment
_GAL1578.JPG,,,,,,,120,1864,SED-C
_GAL1578.JPG,,,,,,,449,1583,CYP
_GAL1578.JPG,,,,,,,480,1635,CYP
_GAL1578.JPG,,,,,,,3,1667,Sediment
_GAL1578.JPG,,,,,,,467,2277,CYP
_GAL1578.JPG,,,,,,,411,2669,Sediment
_GAL1578.JPG,,,,,,,413,2801,Sediment
_GAL1578.JPG,,,,,,,376,3093,Sediment
_GAL1578.JPG,,,,,,,184,2735,Sediment
_GAL1578.JPG,,,,,,,218,2696,Sediment
_GAL1578.JPG,,,,,,,51,2597,Sediment
_GAL1578.JPG,,,,,,,230,3647,Sediment
_GAL1578.JPG,,,,,,,275,3135,Sediment
_GAL1578.JPG,,,,,,,398,3363,Sediment
_GAL1578.JPG,,,,,,,627,64,SED-C
_GAL1578.JPG,,,,,,,770,223,ISO
_GAL1578.JPG,,,,,,,1023,603,ISO
_GAL1578.JPG,,,,,,,962,197,Sediment
_GAL1578.JPG,,,,,,,576,698,SED-C
_GAL1578.JPG,,,,,,,654,1544,Sediment
_GAL1578.JPG,,,,,,,727,849,SED-C
_GAL1578.JPG,,,,,,,575,1109,Sediment
_GAL1578.JPG,,,,,,,662,1229,CYP
_GAL1578.JPG,,,,,,,616,1988,Sediment
_GAL1578.JPG,,,,,,,711,2030,Sediment
_GAL1578.JPG,,,,,,,835,2227,Sediment
_GAL1578.JPG,,,,,,,670,1945,Sediment
_GAL1578.JPG,,,,,,,602,1846,Sediment
_GAL1578.JPG,,,,,,,559,1556,Sediment
_GAL1578.JPG,,,,,,,678,2626,Sediment
_GAL1578.JPG,,,,,,,848,2404,Sediment
_GAL1578.JPG,,,,,,,825,2402,Sediment
_GAL1578.JPG,,,,,,,955,3281,Sediment
_GAL1578.JPG,,,,,,,1023,3172,Sediment
_GAL1578.JPG,,,,,,,766,3276,Sediment
_GAL1578.JPG,,,,,,,558,3811,Sediment
_GAL1578.JPG,,,,,,,1031,3259,Sediment
_GAL1578.JPG,,,,,,,1235,174,Sediment
_GAL1578.JPG,,,,,,,1553,416,Sediment
_GAL1578.JPG,,,,,,,1387,842,Sediment
_GAL1578.JPG,,,,,,,1443,1477,CYP
_GAL1578.JPG,,,,,,,1093,1923,CYP
_GAL1578.JPG,,,,,,,1303,1870,CYP
_GAL1578.JPG,,,,,,,1259,1817,CYP
_GAL1578.JPG,,,,,,,1388,2229,CYP
_GAL1578.JPG,,,,,,,1324,1788,CYP
_GAL1578.JPG,,,,,,,1154,2076,CYP
_GAL1578.JPG,,,,,,,1238,3030,Sediment
_GAL1578.JPG,,,,,,,1073,2367,CYP
_GAL1578.JPG,,,,,,,1366,3079,Sediment
_GAL1578.JPG,,,,,,,1244,3162,Sediment
_GAL1578.JPG,,,,,,,1117,3182,Sediment
_GAL1578.JPG,,,,,,,1465,3377,Sediment
_GAL1578.JPG,,,,,,,1328,3116,Sediment
_GAL1578.JPG,,,,,,,1582,58,Sediment
_GAL1578.JPG,,,,,,,1708,1013,Sediment
_GAL1578.JPG,,,,,,,1692,896,Sediment
_GAL1578.JPG,,,,,,,1827,1413,Sediment
_GAL1578.JPG,,,,,,,1885,844,Sediment
_GAL1578.JPG,,,,,,,1810,1048,Sediment
_GAL1578.JPG,,,,,,,1674,1115,Sediment
_GAL1578.JPG,,,,,,,1620,1664,CYP
_GAL1578.JPG,,,,,,,1877,1855,Sediment
_GAL1578.JPG,,,,,,,1925,3086,Sediment
_GAL1578.JPG,,,,,,,1706,3789,Sediment
_GAL1578.JPG,,,,,,,1845,3225,Sediment
_GAL1578.JPG,,,,,,,2196,448,Sediment
_GAL1578.JPG,,,,,,,2562,356,Sediment
_GAL1578.JPG,,,,,,,2139,655,Sediment
_GAL1578.JPG,,,,,,,2521,69,Sediment
_GAL1578.JPG,,,,,,,2099,613,Sediment
_GAL1578.JPG,,,,,,,2229,188,Sediment
_GAL1578.JPG,,,,,,,2103,1271,SED-C
_GAL1578.JPG,,,,,,,2240,1241,SED-C
_GAL1578.JPG,,,,,,,2102,1453,Sediment
_GAL1578.JPG,,,,,,,2147,906,Sediment
_GAL1578.JPG,,,,,,,2549,1873,Sediment
_GAL1578.JPG,,,,,,,2352,1648,Sediment
_GAL1578.JPG,,,,,,,2314,2556,Sediment
_GAL1578.JPG,,,,,,,2283,2870,Sediment
_GAL1578.JPG,,,,,,,2260,2523,Sediment
_GAL1578.JPG,,,,,,,2271,2708,Sediment
_GAL1578.JPG,,,,,,,2492,2860,Sediment
_GAL1578.JPG,,,,,,,2382,2660,Sediment
_GAL1578.JPG,,,,,,,2430,2427,Sediment
_GAL1578.JPG,,,,,,,2505,2917,Sediment
_GAL1578.JPG,,,,,,,2528,2378,Sediment
_GAL1578.JPG,,,,,,,2478,2533,Sediment
_GAL1578.JPG,,,,,,,2568,3869,Sediment
_GAL1578.JPG,,,,,,,2431,3576,Sediment
_GAL1578.JPG,,,,,,,2180,3849,Sediment
_GAL1578.JPG,,,,,,,2354,3708,Sediment
_GAL1578.JPG,,,,,,,2476,3412,Sediment
